{"robot_fitnesses": [0.1381389999999986, 0.0, 0.0, 0.0, 0.0, 0.0, 0.0, 0.0, 0.0, 0.0, 0.0, 0.0, 0.0, 0.0, 0.0, 0.0, 0.0, 0.0, 0.0, 0.0, 0.0, 0.0, 0.0, 0.08551879999999844, 0.0, 0.0, 0.0, 0.0, 0.0, 0.0], "tournament": 2}